#,Entorno,,Módulo,Submódulo,Funciones,Roles,,,,,,Cuantificación,,,,
,Mobile,Web,,,,Admin,Empresa,Empleado,Proveedor,Cliente,Soporte,Tiempo/días,"Personal (D, P, T)",Costo Aprox,,
1,,x,Empleados,Datos,CRUD,x,x,x,,,x,2,1,350,,
2,,x,Clientes,Datos,CRUD,x,x,,,x,x,2,1,350,,
,,,,,Agendamiento,x,x,x,,x,x,,,,,
3,,x,Proveedor / Coordinador,Datos,CRUD,x,x,,x,,x,2,1,350,,
4,,x,Configuración,Servicios,CRUD,x,x,,,,x,2,1,350,,
,,,,Subservicios,CRUD,x,x,,,,x,2,1,350,,
,,,,Tarifas,por servicio,x,x,,,,x,2,1,350,,
,,,,,por proveedor,x,x,,,,x,,,,,
,,,,,por hora,x,x,,,,x,,,,,
,,,,,por km rodamiento,x,x,,,,x,,,,,
,,,,certificados,CRUD,x,x,,,,x,2,1,350,,
5,,x,Agendamiento,Gestión,Inicio,x,x,x,x,,x,1,1,200,,
,,,,,Finalización,x,x,x,x,,x,2,1,200,,
,,,,,Solicitud,x,x,,,x,x,4,2,600,,
,,,,,Cancelación,x,x,x,x,,x,1,1,200,,
,,,,,Novedades,x,x,x,x,x,x,1,1,200,,
,,,,,Asignación,x,x,,,,x,2,1,350,,
,,,,Calendario,por día,x,x,x,x,,x,4,1,500,,
,,,,,por semana,x,x,x,x,,x,,,,,
,,,,,por mes,x,x,x,x,,x,,,,,
,,,,,por rango,x,x,x,x,,x,,,,,
,,,,Filtros,Agendadas,x,x,,,,x,4,1,650,,
,,,,,Sin Agendar,x,x,,,,x,,,,,
,,,,,Todas,x,x,,,,x,,,,,
,,,,,Canceladas,x,x,,,,x,,,,,
,,,,,En Curso,x,x,,,,x,,,,,
,,,,,Finalizadas,x,x,,,,x,,,,,
,,,,,Disponibilidad Empleados,x,x,x,,,x,,,,,
,,,,,Disponibilidad proveedores,x,x,,x,,x,,,,,
6,,x,Financiero,Liquidaciones,Horas laboradas rango de fechas segun tipo de contrato,x,x,,,,x,5,1,550,,
,,,,,Pensión de acuerdo a porcentajes legales ,x,x,,,,x,,,,,
,,,,,Vacaciones,x,x,,,,x,,,,,
,,,,,Incapacidades,x,x,,,,x,,,,,
,,,,,Auxilio de rodamiento,x,x,,,,x,,,,,
,,,,,empleados persona natural,x,x,,,,x,,,,,
7,x,x,Mensajes,Alertas,Servicios no asignados próximos a incumplimiento,x,x,,,,x,7,2,700,,
,,,,,Impuestos próximos a pagar,x,x,,,,x,,,,,
,,,,,Cita cancelada,x,x,,,,x,,,,,
,,,,,Novedades,x,x,,,,x,,,,,
,,,,,Licencias próximas a vencerse,x,x,,,,x,,,,,
,,,,Mensajes,Solicitud de servicio,x,x,x,x,x,x,,,,,
,,,,,Inicio del servicio,x,x,x,x,x,x,,,,,
,,,,,Finalización de servicio,x,x,x,x,x,x,,,,,
8,,x,Reportes,Generación,Horas pagadas por empleado,x,x,,,,x,7,1,700,,
,,,,,Horas facturadas por proveedor,x,x,,,,x,,,,,
,,,,,Reporte de Pensión 9.5% en cada pago,x,x,,,,x,,,,,
,,,,,Impuestos pagados al gobierno por parte de cada empleado,x,x,,,,x,,,,,
,,,,,Horas asignadas por cliente,x,x,,,,x,,,,,
,,,,,Vacaciones,x,x,,,,x,,,,,
,,,,,Días enfermedad empleados,x,x,,,,x,,,,,
,,,,,Historial de Incidentes reportados por clientes,x,x,,,,x,,,,,
,,,,,Facturación de servicios prestados,x,x,,,,x,,,,,
,,,,,Ausentismo de empleados,x,x,,,,x,,,,,
,,,,,Lista de impuestos que da el gobierno,x,x,,,,x,,,,,
,,,,,Reporte de servicio periódico de cada cliente,x,x,,,,x,,,,,
,,,,,Reportes de servicios prestados a cada uno de los clientes a cargo del proveedor,x,x,,,,x,,,,,
,,,,,Reporte de servicio periódico de los clientes por cada proveedor,x,x,,,,x,,,,,
,,,,Exportar,PDF,x,x,,,,x,1,1,200,,
,,,,,XLS,x,x,,,,x,,,,,
,,,,,DOC,x,x,,,,x,,,,,
,,,,,Email,x,x,,,,x,,,,,
9,x,x,Mapa de visitas,georeferenciación,Pacientes georeferenciados con tooltip de resumen,x,x,x,x,,x,5,2,1200,aumento de tiempo y costo por que son módulos multiperfiles y en tiempo real,
,,,,filtro 1,Agendadas,x,x,x,x,,x,4,1,800,aumento: x2,2
,,,,,Sin agendar,x,x,x,x,,x,,,,,
,,,,,Canceladas,x,x,x,x,,x,,,,,
,,,,,Novedades,x,x,x,x,,x,,,,,
,,,,filtro 2,ver día,x,x,x,x,,x,4,1,800,,
,,,,,ver semana,x,x,x,x,,x,,,,,
,,,,,ver mes,x,x,x,x,,x,,,,,
10,x,x,Detalle de paciente,datos,información relevante,x,x,x,x,x,,3,1,800,,
11,x,x,Evaluación,datos,calificar servicio,x,x,x,x,x,,3,1,600,,
12,x,x,Solicitud de servicio,datos,formulario de solicitud,x,x,x,x,x,,4,1,1100,,
,,,,,,,,,,,,76,28,12800,,
,,,,,,,,,,,,TOTAL,,,,
,,,,,,,,,,,,,,,,
,,,,,,,,,,,,3.8,tiempo minimo,12800,Costo Desarrollo FrontEnd,
,,,,,,,,,,,,1,ajustes y features,12800,Costo Desarrollo BackEnd,
,,,,,,,,,,,OF1,4.8,meses,25600,Total costo desarrollo de la app,Se llevan todo
,,,,,,,,,,Dcto,OF1,,,23000,Total costo desarrollo de la app,Se llevan todo
,,,,,,,,,,,OF2,4.8,meses,12800,"Pago único de por vida por total acceso a la plataforma, nosotros nos encargamos del mantenimiento y garantizamos funcionamiento",Se llevan accesos a un clone de la app